[
  {
    "id": "2",
    "title": "test1",
    "start": "2023-05-31T09:30:00+05:30",
    "end": "2023-05-31T10:00:00+05:30",
    "allDay": false,
    "userId": 0,
    "bookId": 4
  },
  {
    "id": "2",
    "title": "test2",
    "start": "2023-06-01T07:30:00+05:30",
    "end": "2023-06-01T08:00:00+05:30",
    "allDay": false,
    "userId": 0
  },
  {
    "id": "2",
    "title": "test4",
    "start": "2023-06-02T07:30:00+05:30",
    "end": "2023-06-02T08:00:00+05:30",
    "allDay": false,
    "userId": 0
  },
  {
    "id": "2",
    "title": "tesadwa",
    "start": "2023-06-01T11:00:00+05:30",
    "end": "2023-06-01T11:30:00+05:30",
    "allDay": false,
    "userId": 0
  },
  {
    "id": "5",
    "title": "testtest",
    "start": "2023-06-31T09:30:00+05:30",
    "end": "2023-06-31T10:00:00+05:30",
    "allDay": false,
    "userId": 0
  },
  {
    "id": "4",
    "title": "test123",
    "start": "2023-06-01T08:30:00+05:30",
    "end": "2023-06-01T09:00:00+05:30",
    "allDay": false,
    "userId": 1,
    "bookId": 4
  },
  {
    "id": "2",
    "title": "teadwa",
    "start": "2023-06-01T09:00:00+05:30",
    "end": "2023-06-01T09:30:00+05:30",
    "allDay": false,
    "userId": 1
  },
  {
    "id": "3",
    "title": "awd",
    "start": "2023-06-01T09:30:00+05:30",
    "end": "2023-06-01T10:00:00+05:30",
    "allDay": false,
    "userId": 1
  },
  {
    "id": "4",
    "title": "awd",
    "start": "2023-05-31T07:30:00+05:30",
    "end": "2023-05-31T08:00:00+05:30",
    "allDay": false,
    "userId": 1
  },
  {
    "id": "2",
    "title": "awdawd",
    "start": "2023-06-01T11:00:00+05:30",
    "end": "2023-06-01T11:30:00+05:30",
    "allDay": false,
    "userId": 1
  },
  {
    "id": "3",
    "title": "test123",
    "start": "2023-06-01T06:30:00+05:30",
    "end": "2023-06-01T07:00:00+05:30",
    "allDay": false,
    "userId": 1
  },
  {
    "id": "4",
    "title": "awd",
    "start": "2023-06-01T10:30:00+05:30",
    "end": "2023-06-01T11:00:00+05:30",
    "allDay": false,
    "userId": 1
  },
  {
    "id": "5",
    "title": "testtest",
    "start": "2023-06-31T09:30:00+05:30",
    "end": "2023-06-31T10:00:00+05:30",
    "allDay": false,
    "userId": 0
  },
  {
    "id": "2",
    "title": "test1",
    "start": "2023-06-08T02:30:00+05:30",
    "end": "2023-06-08T03:00:00+05:30",
    "allDay": false,
    "userId": 1
  },
  {
    "id": "3",
    "title": "test123",
    "start": "2023-06-08T04:30:00+05:30",
    "end": "2023-06-08T05:00:00+05:30",
    "allDay": false,
    "userId": 1
  },
  {
    "id": "2",
    "title": "apt1_d2",
    "start": "2023-06-08T03:30:00+05:30",
    "end": "2023-06-08T04:00:00+05:30",
    "allDay": false,
    "userId": 2
  },
  {
    "id": "3",
    "title": "apt2_d2",
    "start": "2023-06-08T04:30:00+05:30",
    "end": "2023-06-08T05:00:00+05:30",
    "allDay": false,
    "userId": 2
  },
  {
    "id": "4",
    "title": "apt3_d2",
    "start": "2023-06-08T06:30:00+05:30",
    "end": "2023-06-08T07:00:00+05:30",
    "allDay": false,
    "userId": 2,
    "bookId": 5
  },
  {
    "id": "5",
    "title": "apt4_d2",
    "start": "2023-06-13T03:00:00+05:30",
    "end": "2023-06-13T03:30:00+05:30",
    "allDay": false,
    "userId": 2,
    "bookId": 4
  }
]
